use db_lab3;

INSERT INTO teacher (id, name, sex, title) VALUES ('7Gh6K', 'John Doe', 1, 5);
INSERT INTO teacher (id, name, sex, title) VALUES ('5Rt2Q', 'Jane Smith', 2, 4);
INSERT INTO teacher (id, name, sex, title) VALUES ('9Xy7Z', 'John Doe', 1, 3);
INSERT INTO teacher (id, name, sex, title) VALUES ('3Aq8F', 'Emily Brown', 2, 2);
INSERT INTO teacher (id, name, sex, title) VALUES ('2Wn5M', 'David Davis', 1, 1);
INSERT INTO teacher (id, name, sex, title) VALUES ('4Hj7T', 'Jane Smith', 2, 6);
INSERT INTO teacher (id, name, sex, title) VALUES ('8Bn3P', 'John Doe', 1, 9);
INSERT INTO teacher (id, name, sex, title) VALUES ('6Vc9D', 'Emily Brown', 2, 8);
INSERT INTO teacher (id, name, sex, title) VALUES ('1Km5X', 'David Davis', 1, 7);
INSERT INTO teacher (id, name, sex, title) VALUES ('3Fr2Q', 'John Doe', 2, 10);
INSERT INTO teacher (id, name, sex, title) VALUES ('5Tq7W', 'Sarah Johnson', 2, 5);
INSERT INTO teacher (id, name, sex, title) VALUES ('2Yv3D', 'Michael Smith', 1, 4);
INSERT INTO teacher (id, name, sex, title) VALUES ('9Vb6T', 'Emily Davis', 2, 3);
INSERT INTO teacher (id, name, sex, title) VALUES ('7Rt2Y', 'Daniel Johnson', 1, 2);
INSERT INTO teacher (id, name, sex, title) VALUES ('4Fg8M', 'David Thompson', 1, 1);
INSERT INTO teacher (id, name, sex, title) VALUES ('6Gh7K', 'Olivia Brown', 2, 6);
INSERT INTO teacher (id, name, sex, title) VALUES ('1Yt2P', 'Michael Smith', 1, 9);
INSERT INTO teacher (id, name, sex, title) VALUES ('3Vc9Q', 'Sophia Anderson', 2, 8);
INSERT INTO teacher (id, name, sex, title) VALUES ('5Km6X', 'Daniel Johnson', 1, 7);
INSERT INTO teacher (id, name, sex, title) VALUES ('2Fr3T', 'Olivia Martinez', 2, 10);

INSERT INTO paper (id, name, publish_source, publish_year, type, level) VALUES (7, 'Paper A98', 'ICML', '2022-01-01', 1, 3);
INSERT INTO paper (id, name, publish_source, publish_year, type, level) VALUES (23, 'Paper X12', 'CVPR', '2021-05-15', 2, 4);
INSERT INTO paper (id, name, publish_source, publish_year, type, level) VALUES (15, 'Paper R34', 'InfoCom', '2023-02-28', 3, 2);
INSERT INTO paper (id, name, publish_source, publish_year, type, level) VALUES (11, 'Paper B67', 'AAAI', '2022-11-10', 4, 5);
INSERT INTO paper (id, name, publish_source, publish_year, type, level) VALUES (28, 'Paper S92', 'ICML', '2023-07-20', 1, 1);
INSERT INTO paper (id, name, publish_source, publish_year, type, level) VALUES (36, 'Paper P43', 'CVPR', '2022-06-05', 2, 3);
INSERT INTO paper (id, name, publish_source, publish_year, type, level) VALUES (5, 'Paper G76', 'InfoCom', '2023-04-15', 3, 4);
INSERT INTO paper (id, name, publish_source, publish_year, type, level) VALUES (17, 'Paper L25', 'AAAI', '2021-12-31', 4, 2);
INSERT INTO paper (id, name, publish_source, publish_year, type, level) VALUES (31, 'Paper F89', 'ICML', '2022-09-20', 1, 5);
INSERT INTO paper (id, name, publish_source, publish_year, type, level) VALUES (42, 'Paper N54', 'CVPR', '2023-08-12', 3, 1);
INSERT INTO paper (id, name, publish_source, publish_year, type, level) VALUES (19, 'Paper M21', 'InfoCom', '2022-05-05', 2, 3);
INSERT INTO paper (id, name, publish_source, publish_year, type, level) VALUES (8, 'Paper K43', 'AAAI', '2021-10-10', 4, 4);
INSERT INTO paper (id, name, publish_source, publish_year, type, level) VALUES (47, 'Paper H12', 'ICML', '2023-03-18', 1, 2);
INSERT INTO paper (id, name, publish_source, publish_year, type, level) VALUES (12, 'Paper Q78', 'CVPR', '2022-11-25', 3, 5);
INSERT INTO paper (id, name, publish_source, publish_year, type, level) VALUES (3, 'Paper U56', 'InfoCom', '2021-07-05', 2, 1);
INSERT INTO paper (id, name, publish_source, publish_year, type, level) VALUES (25, 'Paper T09', 'AAAI', '2023-06-30', 4, 3);


INSERT INTO project (id, name, source, type, expenditure, start_year, finish_year) VALUES ('P001', 'Project Alpha', 'Source X', 1, 10000.50, 2022, 2023);
INSERT INTO project (id, name, source, type, expenditure, start_year, finish_year) VALUES ('P002', 'Project Bravo', 'Source Y', 2, 25000.75, 2021, 2024);
INSERT INTO project (id, name, source, type, expenditure, start_year, finish_year) VALUES ('P003', 'Project Charlie', 'Source Z', 3, 5000.25, 2023, 2023);
INSERT INTO project (id, name, source, type, expenditure, start_year, finish_year) VALUES ('P004', 'Project Delta', 'Source X', 4, 15000.80, 2022, 2025);
INSERT INTO project (id, name, source, type, expenditure, start_year, finish_year) VALUES ('P005', 'Project Echo', 'Source Y', 5, 3000.00, 2021, 2022);
INSERT INTO project (id, name, source, type, expenditure, start_year, finish_year) VALUES ('P006', 'Project Foxtrot', 'Source Z', 2, 20000.50, 2023, 2024);
INSERT INTO project (id, name, source, type, expenditure, start_year, finish_year) VALUES ('P007', 'Project Golf', 'Source X', 1, 5000.75, 2022, 2022);
INSERT INTO project (id, name, source, type, expenditure, start_year, finish_year) VALUES ('P008', 'Project Hotel', 'Source Y', 3, 10000.25, 2021, 2023);
INSERT INTO project (id, name, source, type, expenditure, start_year, finish_year) VALUES ('P009', 'Project India', 'Source Z', 5, 25000.80, 2023, 2025);
INSERT INTO project (id, name, source, type, expenditure, start_year, finish_year) VALUES ('P010', 'Project Juliet', 'Source X', 4, 5000.00, 2022, 2024);
INSERT INTO project (id, name, source, type, expenditure, start_year, finish_year) VALUES ('P011', 'Project Kilo', 'Source Y', 2, 15000.50, 2021, 2023);
INSERT INTO project (id, name, source, type, expenditure, start_year, finish_year) VALUES ('P012', 'Project Lima', 'Source Z', 1, 3000.75, 2019, 2022);
INSERT INTO project (id, name, source, type, expenditure, start_year, finish_year) VALUES ('P013', 'Project Mike', 'Source X', 3, 20000.25, 2022, 2025);
INSERT INTO project (id, name, source, type, expenditure, start_year, finish_year) VALUES ('P014', 'Project November', 'Source Y', 5, 5000.80, 2021, 2024);
INSERT INTO project (id, name, source, type, expenditure, start_year, finish_year) VALUES ('P015', 'Project Oscar', 'Source Z', 4, 10000.00, 2022, 2023);

INSERT INTO course (id, name, hours, property) VALUES ('C001', 'English', 60, 1);
INSERT INTO course (id, name, hours, property) VALUES ('C002', 'Mathematics', 90, 2);
INSERT INTO course (id, name, hours, property) VALUES ('C003', 'Science', 75, 2);
INSERT INTO course (id, name, hours, property) VALUES ('C004', 'History', 45, 1);
INSERT INTO course (id, name, hours, property) VALUES ('C005', 'Geography', 60, 1);
INSERT INTO course (id, name, hours, property) VALUES ('C006', 'Physics', 90, 2);
INSERT INTO course (id, name, hours, property) VALUES ('C007', 'Chemistry', 75, 2);
INSERT INTO course (id, name, hours, property) VALUES ('C008', 'Biology', 60, 2);
INSERT INTO course (id, name, hours, property) VALUES ('C009', 'Literature', 45, 1);
INSERT INTO course (id, name, hours, property) VALUES ('C010', 'Physical Education', 60, 2);
INSERT INTO course (id, name, hours, property) VALUES ('C011', 'Computer Science', 90, 2);
INSERT INTO course (id, name, hours, property) VALUES ('C012', 'Art', 45, 1);
INSERT INTO course (id, name, hours, property) VALUES ('C013', 'Music', 60, 1);
INSERT INTO course (id, name, hours, property) VALUES ('C014', 'Economics', 75, 1);
INSERT INTO course (id, name, hours, property) VALUES ('C015', 'Psychology', 60, 1);
INSERT INTO course (id, name, hours, property) VALUES ('C016', 'Sociology', 75, 1);
INSERT INTO course (id, name, hours, property) VALUES ('C017', 'Foreign Language', 90, 1);
INSERT INTO course (id, name, hours, property) VALUES ('C018', 'Physical Science', 75, 2);
INSERT INTO course (id, name, hours, property) VALUES ('C019', 'Political Science', 60, 2);
INSERT INTO course (id, name, hours, property) VALUES ('C020', 'Philosophy', 45, 1);


INSERT INTO publication (teacher_id, paper_id, ranking, correspond) VALUES ('1Km5X', 3, 2, true);
INSERT INTO publication (teacher_id, paper_id, ranking, correspond) VALUES ('1Yt2P', 5, 1, false);
call publication_insert('2Fr3T', 7, 3, true, @status);
select @status;
call publication_insert('2Wn5M', 8, 4, true, @status);
select @status;
call publication_insert('2Yv3D', 11, 2, false, @status);
select @status;
call publication_insert('3Aq8F', 12, 1, true, @status);
select @status;
call publication_insert('3Fr2Q', 15, 3, true, @status);
select @status;
call publication_insert('3Vc9Q', 19, 2, true, @status);
select @status;
call publication_insert('4Fg8M', 23, 1, false, @status);
select @status;
call publication_insert('4Hj7T', 25, 4, true, @status);
select @status;
call publication_insert('5Km6X', 28, 2, true, @status);
select @status;
call publication_insert('5Rt2Q', 31, 3, false, @status);
select @status;
call publication_insert('5Tq7W', 36, 1, true, @status);
select @status;
call publication_insert('6Gh7K', 42, 4, true, @status);
select @status;
call publication_insert('6Vc9D', 47, 2, false, @status);
select @status;
call publication_insert('7Gh6K', 3, 3, false, @status);
select @status;
call publication_insert('7Rt2Y', 5, 2, false, @status);
select @status;
call publication_insert('8Bn3P', 7, 4, false, @status);
select @status;
call publication_insert('9Vb6T', 8, 2, false, @status);
select @status;
call publication_insert('9Xy7Z', 11, 3, false, @status);
select @status;


INSERT INTO publication (teacher_id, paper_id, ranking, correspond) VALUES ('2Fr3T', 7, 3, true);
INSERT INTO publication (teacher_id, paper_id, ranking, correspond) VALUES ('2Wn5M', 8, 4, true);
INSERT INTO publication (teacher_id, paper_id, ranking, correspond) VALUES ('2Yv3D', 11, 2, false);
INSERT INTO publication (teacher_id, paper_id, ranking, correspond) VALUES ('3Aq8F', 12, 1, true);
INSERT INTO publication (teacher_id, paper_id, ranking, correspond) VALUES ('3Fr2Q', 15, 3, true);
INSERT INTO publication (teacher_id, paper_id, ranking, correspond) VALUES ('3Vc9Q', 19, 2, true);
INSERT INTO publication (teacher_id, paper_id, ranking, correspond) VALUES ('4Fg8M', 23, 1, false);
INSERT INTO publication (teacher_id, paper_id, ranking, correspond) VALUES ('4Hj7T', 25, 4, true);
INSERT INTO publication (teacher_id, paper_id, ranking, correspond) VALUES ('5Km6X', 28, 2, true);
INSERT INTO publication (teacher_id, paper_id, ranking, correspond) VALUES ('5Rt2Q', 31, 3, false);
INSERT INTO publication (teacher_id, paper_id, ranking, correspond) VALUES ('5Tq7W', 36, 1, true);
INSERT INTO publication (teacher_id, paper_id, ranking, correspond) VALUES ('6Gh7K', 42, 4, true);
INSERT INTO publication (teacher_id, paper_id, ranking, correspond) VALUES ('6Vc9D', 47, 2, false);
INSERT INTO publication (teacher_id, paper_id, ranking, correspond) VALUES ('7Gh6K', 3, 3, true);
INSERT INTO publication (teacher_id, paper_id, ranking, correspond) VALUES ('7Rt2Y', 5, 1, false);
INSERT INTO publication (teacher_id, paper_id, ranking, correspond) VALUES ('8Bn3P', 7, 4, true);
INSERT INTO publication (teacher_id, paper_id, ranking, correspond) VALUES ('9Vb6T', 8, 2, true);
INSERT INTO publication (teacher_id, paper_id, ranking, correspond) VALUES ('9Xy7Z', 11, 3, false);

call proj_undertake_insert('1Km5X', 'P001', 1, 10000.5,@status);
select @status;
call proj_undertake_insert('1Yt2P', 'P002', 2, 20000.8, @status);
select @status;
call proj_undertake_insert('2Fr3T', 'P003', 3, 5000.25, @status);
select @status;
call proj_undertake_insert('2Wn5M', 'P004', 4, 15000.8, @status);
select @status;
call proj_undertake_insert('2Yv3D', 'P005', 5, 3000, @status);
select @status;
call proj_undertake_insert('3Aq8F', 'P006', 1, 20000.5, @status);
select @status;
call proj_undertake_insert('3Fr2Q', 'P007', 2, 5000.75, @status);
select @status;
call proj_undertake_insert('3Vc9Q', 'P008', 3, 10000.2, @status);
select @status;
call proj_undertake_insert('4Fg8M', 'P009', 4, 25000.8, @status);
select @status;
call proj_undertake_insert('4Hj7T', 'P010', 5, 5000, @status);
select @status;
call proj_undertake_insert('5Km6X', 'P011', 1, 15000.5, @status);
select @status;
call proj_undertake_insert('5Rt2Q', 'P012', 2, 3000.75, @status);
select @status;
call proj_undertake_insert('5Tq7W', 'P013', 3, 20000.2, @status);
select @status;
call proj_undertake_insert('6Gh7K', 'P014', 4, 5000.8, @status);
select @status;
call proj_undertake_insert('6Vc9D', 'P015', 5, 10000, @status);
select @status;
-- call proj_undertake_insert('7Gh6K', 'P001', 2, 10000.5, @status);
-- select @status;
call proj_undertake_insert('7Rt2Y', 'P002', 3, 250.8, @status);
select @status;
-- call proj_undertake_insert('8Bn3P', 'P003', 2, 50.25, @status);
-- select @status;
-- call proj_undertake_insert('9Vb6T', 'P004', 2, 15.8, @status);
-- select @status;
-- call proj_undertake_insert('9Xy7Z', 'P005', 5, 3000, @status);
-- select @status;



INSERT INTO proj_undertake (teacher_id, proj_id, ranking, expense) VALUES ('1Km5X', 'P001', 1, 10000.5);
INSERT INTO proj_undertake (teacher_id, proj_id, ranking, expense) VALUES ('1Yt2P', 'P002', 2, 25000.8);
INSERT INTO proj_undertake (teacher_id, proj_id, ranking, expense) VALUES ('2Fr3T', 'P003', 3, 5000.25);
INSERT INTO proj_undertake (teacher_id, proj_id, ranking, expense) VALUES ('2Wn5M', 'P004', 4, 15000.8);
INSERT INTO proj_undertake (teacher_id, proj_id, ranking, expense) VALUES ('2Yv3D', 'P005', 5, 3000);
INSERT INTO proj_undertake (teacher_id, proj_id, ranking, expense) VALUES ('3Aq8F', 'P006', 1, 20000.5);
INSERT INTO proj_undertake (teacher_id, proj_id, ranking, expense) VALUES ('3Fr2Q', 'P007', 2, 5000.75);
INSERT INTO proj_undertake (teacher_id, proj_id, ranking, expense) VALUES ('3Vc9Q', 'P008', 3, 10000.2);
INSERT INTO proj_undertake (teacher_id, proj_id, ranking, expense) VALUES ('4Fg8M', 'P009', 4, 25000.8);
INSERT INTO proj_undertake (teacher_id, proj_id, ranking, expense) VALUES ('4Hj7T', 'P010', 5, 5000);
INSERT INTO proj_undertake (teacher_id, proj_id, ranking, expense) VALUES ('5Km6X', 'P011', 1, 15000.5);
INSERT INTO proj_undertake (teacher_id, proj_id, ranking, expense) VALUES ('5Rt2Q', 'P012', 2, 3000.75);
INSERT INTO proj_undertake (teacher_id, proj_id, ranking, expense) VALUES ('5Tq7W', 'P013', 3, 20000.2);
INSERT INTO proj_undertake (teacher_id, proj_id, ranking, expense) VALUES ('6Gh7K', 'P014', 4, 5000.8);
INSERT INTO proj_undertake (teacher_id, proj_id, ranking, expense) VALUES ('6Vc9D', 'P015', 5, 10000);
INSERT INTO proj_undertake (teacher_id, proj_id, ranking, expense) VALUES ('7Gh6K', 'P001', 1, 10000.5);
INSERT INTO proj_undertake (teacher_id, proj_id, ranking, expense) VALUES ('7Rt2Y', 'P002', 2, 25000.8);
INSERT INTO proj_undertake (teacher_id, proj_id, ranking, expense) VALUES ('8Bn3P', 'P003', 3, 5000.25);
INSERT INTO proj_undertake (teacher_id, proj_id, ranking, expense) VALUES ('9Vb6T', 'P004', 4, 15000.8);
INSERT INTO proj_undertake (teacher_id, proj_id, ranking, expense) VALUES ('9Xy7Z', 'P005', 5, 3000);
INSERT INTO proj_undertake (teacher_id, proj_id, ranking, expense) VALUES ('1Km5X', 'P006', 1, 20000.5);
INSERT INTO proj_undertake (teacher_id, proj_id, ranking, expense) VALUES ('1Yt2P', 'P007', 2, 5000.75);
INSERT INTO proj_undertake (teacher_id, proj_id, ranking, expense) VALUES ('2Fr3T', 'P008', 3, 10000.2);
INSERT INTO proj_undertake (teacher_id, proj_id, ranking, expense) VALUES ('2Wn5M', 'P009', 4, 25000.8);
INSERT INTO proj_undertake (teacher_id, proj_id, ranking, expense) VALUES ('2Yv3D', 'P010', 5, 5000);
INSERT INTO proj_undertake (teacher_id, proj_id, ranking, expense) VALUES ('3Aq8F', 'P011', 1, 15000.5);


call course_teach_insert('1Km5X', 'C001', 2023, 2, 30, @status);
select @status;
call course_teach_insert('1Yt2P', 'C002', 2023, 2, 40, @status);
select @status;
call course_teach_insert('2Fr3T', 'C003', 2023, 2, 55, @status);
select @status;
call course_teach_insert('2Wn5M', 'C004', 2023, 2, 25, @status);
select @status;
call course_teach_insert('2Yv3D', 'C005', 2023, 2, 30, @status);
select @status;
call course_teach_insert('3Aq8F', 'C006', 2023, 2, 60, @status);
select @status;
call course_teach_insert('3Fr2Q', 'C007', 2023, 2, 25, @status);
select @status;
call course_teach_insert('3Vc9Q', 'C008', 2023, 2, 20, @status);
select @status;
call course_teach_insert('4Fg8M', 'C009', 2023, 2, 15, @status);
select @status;
call course_teach_insert('4Hj7T', 'C010', 2023, 2, 20, @status);
select @status;
call course_teach_insert('5Km6X', 'C011', 2023, 2, 40, @status);
select @status;
call course_teach_insert('5Rt2Q', 'C012', 2023, 2, 15, @status);
select @status;
call course_teach_insert('5Tq7W', 'C013', 2023, 2, 10, @status);
select @status;
call course_teach_insert('6Gh7K', 'C014', 2023, 2, 25, @status);
select @status;
call course_teach_insert('6Vc9D', 'C015', 2023, 2, 20, @status);
select @status;
call course_teach_insert('7Gh6K', 'C016', 2023, 2, 15, @status);
select @status;
call course_teach_insert('7Rt2Y', 'C017', 2023, 2, 10, @status);
select @status;
call course_teach_insert('8Bn3P', 'C018', 2023, 2, 35, @status);
select @status;
call course_teach_insert('9Vb6T', 'C019', 2023, 2, 10, @status);
select @status;
call course_teach_insert('9Xy7Z', 'C020', 2023, 2, 25, @status);
select @status;
call course_teach_insert('1Km5X', 'C003', 2023, 3, 15, @status);
select @status;
call course_teach_insert('1Yt2P', 'C004', 2023, 3, 15, @status);
select @status;
call course_teach_insert('2Fr3T', 'C005', 2023, 3, 30, @status);
select @status;
call course_teach_insert('2Wn5M', 'C006', 2023, 3, 20, @status);
select @status;
call course_teach_insert('2Yv3D', 'C007', 2023, 3, 15, @status);
select @status;
call course_teach_insert('3Aq8F', 'C008', 2023, 3, 10, @status);
select @status;


INSERT INTO course_teach (teacher_id, course_id, year, semester, teach_hours) VALUES ('1Km5X', 'C001', 2023, 2, 30);
INSERT INTO course_teach (teacher_id, course_id, year, semester, teach_hours) VALUES ('1Yt2P', 'C002', 2023, 2, 40);
INSERT INTO course_teach (teacher_id, course_id, year, semester, teach_hours) VALUES ('2Fr3T', 'C003', 2023, 2, 55);
INSERT INTO course_teach (teacher_id, course_id, year, semester, teach_hours) VALUES ('2Wn5M', 'C004', 2023, 2, 25);
INSERT INTO course_teach (teacher_id, course_id, year, semester, teach_hours) VALUES ('2Yv3D', 'C005', 2023, 2, 30);
INSERT INTO course_teach (teacher_id, course_id, year, semester, teach_hours) VALUES ('3Aq8F', 'C006', 2023, 2, 60);
INSERT INTO course_teach (teacher_id, course_id, year, semester, teach_hours) VALUES ('3Fr2Q', 'C007', 2023, 2, 25);
INSERT INTO course_teach (teacher_id, course_id, year, semester, teach_hours) VALUES ('3Vc9Q', 'C008', 2023, 2, 20);
INSERT INTO course_teach (teacher_id, course_id, year, semester, teach_hours) VALUES ('4Fg8M', 'C009', 2023, 2, 15);
INSERT INTO course_teach (teacher_id, course_id, year, semester, teach_hours) VALUES ('4Hj7T', 'C010', 2023, 2, 20);
INSERT INTO course_teach (teacher_id, course_id, year, semester, teach_hours) VALUES ('5Km6X', 'C011', 2023, 2, 40);
INSERT INTO course_teach (teacher_id, course_id, year, semester, teach_hours) VALUES ('5Rt2Q', 'C012', 2023, 2, 15);
INSERT INTO course_teach (teacher_id, course_id, year, semester, teach_hours) VALUES ('5Tq7W', 'C013', 2023, 2, 10);
INSERT INTO course_teach (teacher_id, course_id, year, semester, teach_hours) VALUES ('6Gh7K', 'C014', 2023, 2, 25);
INSERT INTO course_teach (teacher_id, course_id, year, semester, teach_hours) VALUES ('6Vc9D', 'C015', 2023, 2, 20);
INSERT INTO course_teach (teacher_id, course_id, year, semester, teach_hours) VALUES ('7Gh6K', 'C016', 2023, 2, 15);
INSERT INTO course_teach (teacher_id, course_id, year, semester, teach_hours) VALUES ('7Rt2Y', 'C017', 2023, 2, 10);
INSERT INTO course_teach (teacher_id, course_id, year, semester, teach_hours) VALUES ('8Bn3P', 'C018', 2023, 2, 35);
INSERT INTO course_teach (teacher_id, course_id, year, semester, teach_hours) VALUES ('9Vb6T', 'C019', 2023, 2, 10);
INSERT INTO course_teach (teacher_id, course_id, year, semester, teach_hours) VALUES ('9Xy7Z', 'C020', 2023, 2, 25);
INSERT INTO course_teach (teacher_id, course_id, year, semester, teach_hours) VALUES ('1Km5X', 'C003', 2023, 3, 15);
INSERT INTO course_teach (teacher_id, course_id, year, semester, teach_hours) VALUES ('1Yt2P', 'C004', 2023, 3, 25);
INSERT INTO course_teach (teacher_id, course_id, year, semester, teach_hours) VALUES ('2Fr3T', 'C005', 2023, 3, 30);
INSERT INTO course_teach (teacher_id, course_id, year, semester, teach_hours) VALUES ('2Wn5M', 'C006', 2023, 3, 20);
INSERT INTO course_teach (teacher_id, course_id, year, semester, teach_hours) VALUES ('2Yv3D', 'C007', 2023, 3, 15);
INSERT INTO course_teach (teacher_id, course_id, year, semester, teach_hours) VALUES ('3Aq8F', 'C008', 2023, 3, 10);

